{
    "serial": "046122250168",
    "color": {
        "width": 640,
        "height": 480,
        "fx": 384.9375,
        "fy": 384.33966064453125,
        "ppx": 308.61553955078125,
        "ppy": 243.12005615234375,
        "coeffs": [
            -0.05601195618510246,
            0.06435627490282059,
            -0.0011494146892800927,
            0.0001892519649118185,
            -0.0208771750330925
        ]
    },
    "depth": {
        "width": 640,
        "height": 480,
        "fx": 387.6196594238281,
        "fy": 387.6196594238281,
        "ppx": 320.49542236328125,
        "ppy": 239.52169799804688,
        "coeffs": [
            0.0,
            0.0,
            0.0,
            0.0,
            0.0
        ]
    },
    "depth2color": [
        0.9999920129776001,
        0.0023568239994347095,
        -0.003235896583646536,
        -0.059195518493652344,
        -0.002356845187023282,
        0.9999971985816956,
        -2.722685849221307e-06,
        -0.00010823582852026448,
        0.0032358812168240547,
        1.034917113429401e-05,
        0.9999947547912598,
        0.0004819116438739002
    ]
}