{
    "serial": "105322251225",
    "color": {
        "width": 640,
        "height": 480,
        "fx": 380.6561584472656,
        "fy": 380.3317565917969,
        "ppx": 324.2102355957031,
        "ppy": 241.03143310546875,
        "coeffs": [
            -0.054707080125808716,
            0.06588499248027802,
            0.0002955733798444271,
            0.0005513722426258028,
            -0.020126841962337494
        ]
    },
    "depth": {
        "width": 640,
        "height": 480,
        "fx": 385.6314392089844,
        "fy": 385.6314392089844,
        "ppx": 321.3896179199219,
        "ppy": 241.00485229492188,
        "coeffs": [
            0.0,
            0.0,
            0.0,
            0.0,
            0.0
        ]
    },
    "depth2color": [
        0.9999999403953552,
        -9.763468551682308e-05,
        0.00033947083284147084,
        -0.059261471033096313,
        9.816519741434604e-05,
        0.9999987483024597,
        -0.0015630993293598294,
        -4.720314245787449e-05,
        -0.00033931780490092933,
        0.001563132624141872,
        0.9999987483024597,
        0.000354592630174011
    ]
}