{
    "serial": "037522251142",
    "color": {
        "width": 640,
        "height": 480,
        "fx": 378.4029541015625,
        "fy": 377.9852600097656,
        "ppx": 322.846435546875,
        "ppy": 243.7872772216797,
        "coeffs": [
            -0.05652647837996483,
            0.06795103847980499,
            0.0005720899207517505,
            -0.00012941579916514456,
            -0.021466698497533798
        ]
    },
    "depth": {
        "width": 640,
        "height": 480,
        "fx": 387.5823974609375,
        "fy": 387.5823974609375,
        "ppx": 316.75390625,
        "ppy": 241.99844360351562,
        "coeffs": [
            0.0,
            0.0,
            0.0,
            0.0,
            0.0
        ]
    },
    "depth2color": [
        0.999993622303009,
        -0.0006601770292036235,
        -0.003510251408442855,
        -0.0590653121471405,
        0.0006539513124153018,
        0.9999982118606567,
        -0.001774423522874713,
        6.566795036633266e-06,
        0.0035114167258143425,
        0.0017721166368573904,
        0.9999922513961792,
        0.0005424162955023348
    ]
}