{
    "serial": "043422252387",
    "color": {
        "width": 640,
        "height": 480,
        "fx": 381.4822692871094,
        "fy": 381.086669921875,
        "ppx": 319.3353271484375,
        "ppy": 247.47662353515625,
        "coeffs": [
            -0.05548667535185814,
            0.06490988284349442,
            -2.6860285288421437e-05,
            0.0005877164076082408,
            -0.02052467130124569
        ]
    },
    "depth": {
        "width": 640,
        "height": 480,
        "fx": 388.5810546875,
        "fy": 388.5810546875,
        "ppx": 319.0504150390625,
        "ppy": 242.7774200439453,
        "coeffs": [
            0.0,
            0.0,
            0.0,
            0.0,
            0.0
        ]
    },
    "depth2color": [
        0.9999997615814209,
        -0.0005280483746901155,
        -0.00042042171116918325,
        -0.05916314944624901,
        0.0005268727545626462,
        0.9999959468841553,
        -0.0027915232349187136,
        3.085900243604556e-05,
        0.0004218940739519894,
        0.0027913011144846678,
        0.9999960064888,
        0.00033550136140547693
    ]
}