{
    "serial": "105322251564",
    "color": {
        "width": 640,
        "height": 480,
        "fx": 378.30926513671875,
        "fy": 378.024658203125,
        "ppx": 323.66534423828125,
        "ppy": 253.562744140625,
        "coeffs": [
            -0.05498598515987396,
            0.06602264940738678,
            -0.000507863238453865,
            0.0001927213161252439,
            -0.020694954320788383
        ]
    },
    "depth": {
        "width": 640,
        "height": 480,
        "fx": 383.9873046875,
        "fy": 383.9873046875,
        "ppx": 318.36785888671875,
        "ppy": 237.59242248535156,
        "coeffs": [
            0.0,
            0.0,
            0.0,
            0.0,
            0.0
        ]
    },
    "depth2color": [
        0.9999989867210388,
        0.0009042321471497416,
        -0.001092387712560594,
        -0.059087421745061874,
        -0.0009054278489202261,
        0.9999989867210388,
        -0.0010946220718324184,
        3.674819708976429e-06,
        0.0010913967853412032,
        0.0010956099722534418,
        0.9999988079071045,
        0.00031359761487692595
    ]
}