{
    "serial": "108222250342",
    "color": {
        "width": 640,
        "height": 480,
        "fx": 377.67059326171875,
        "fy": 377.2873840332031,
        "ppx": 319.260009765625,
        "ppy": 242.50064086914062,
        "coeffs": [
            -0.05531106889247894,
            0.06790517270565033,
            -0.0009542035986669362,
            0.0008293463615700603,
            -0.021431636065244675
        ]
    },
    "depth": {
        "width": 640,
        "height": 480,
        "fx": 385.5480041503906,
        "fy": 385.5480041503906,
        "ppx": 319.9939270019531,
        "ppy": 239.6087646484375,
        "coeffs": [
            0.0,
            0.0,
            0.0,
            0.0,
            0.0
        ]
    },
    "depth2color": [
        0.9999868273735046,
        0.002948226174339652,
        -0.00420512817800045,
        -0.05899285152554512,
        -0.002957867691293359,
        0.9999930262565613,
        -0.0022884199861437082,
        -0.0001811352849472314,
        0.004198351874947548,
        0.0023008279968053102,
        0.9999885559082031,
        0.0004306255141273141
    ]
}