{
    "serial": "115422250549",
    "color": {
        "width": 640,
        "height": 480,
        "fx": 380.1505126953125,
        "fy": 379.7682189941406,
        "ppx": 319.6207275390625,
        "ppy": 248.99859619140625,
        "coeffs": [
            -0.05585818737745285,
            0.06521213054656982,
            -5.627438076771796e-05,
            0.0008160342695191503,
            -0.020679665729403496
        ]
    },
    "depth": {
        "width": 640,
        "height": 480,
        "fx": 382.27197265625,
        "fy": 382.27197265625,
        "ppx": 319.70989990234375,
        "ppy": 239.8485870361328,
        "coeffs": [
            0.0,
            0.0,
            0.0,
            0.0,
            0.0
        ]
    },
    "depth2color": [
        0.9999943971633911,
        -0.0026362398639321327,
        -0.0020582142751663923,
        -0.05916415899991989,
        0.0026271608658134937,
        0.9999868869781494,
        -0.004401466343551874,
        0.0002417336218059063,
        0.0020697906147688627,
        0.004396034404635429,
        0.9999881982803345,
        0.00044617021922022104
    ]
}