{
    "serial": "117222250549",
    "color": {
        "width": 640,
        "height": 480,
        "fx": 380.4667663574219,
        "fy": 380.0273132324219,
        "ppx": 320.4730529785156,
        "ppy": 238.1913604736328,
        "coeffs": [
            -0.05988028272986412,
            0.07191471755504608,
            -0.0002949250629171729,
            0.00047064005048014224,
            -0.023013124242424965
        ]
    },
    "depth": {
        "width": 640,
        "height": 480,
        "fx": 388.78912353515625,
        "fy": 388.78912353515625,
        "ppx": 324.5217590332031,
        "ppy": 234.32217407226562,
        "coeffs": [
            0.0,
            0.0,
            0.0,
            0.0,
            0.0
        ]
    },
    "depth2color": [
        0.9999964237213135,
        -0.0002762822259683162,
        -0.0026516502257436514,
        -0.05900498479604721,
        0.00026149710174649954,
        0.9999844431877136,
        -0.005574552342295647,
        8.524718577973545e-05,
        0.0026531489565968513,
        0.005573838949203491,
        0.9999809265136719,
        0.00040947634261101484
    ]
}